{
  "observations": [
    "none",
    "yes",
    "no",
    "error"
  ],
  "transitions": [
    [
      0,
      null,
      null,
      null
    ],
    [
      0,
      null,
      null,
      11
    ],
    [
      6,
      null,
      null,
      11
    ],
    [
      5,
      3,
      4,
      null
    ],
    [
      5,
      null,
      null,
      11
    ],
    [
      6,
      5,
      2,
      null
    ],
    [
      7,
      null,
      null,
      null
    ],
    [
      9,
      null,
      null,
      11
    ],
    [
      9,
      8,
      7,
      null
    ],
    [
      11,
      0,
      1,
      null
    ],
    [
      11,
      5,
      2,
      null
    ],
    [
      4,
      null,
      null,
      null
    ]
  ],
  "actions": [
    "wait",
    "phy-snap-right-leg",
    "phy-snap-left-leg",
    "com-ask-intention-take-left-leg",
    "phy-take-left-leg",
    "com-ask-intention-snap-left-leg",
    "com-tell-intention-take-right-leg",
    "phy-take-right-leg",
    "com-ask-intention-take-right-leg",
    "com-ask-intention-snap-right-leg",
    "com-ask-intention-snap-left-leg",
    "com-tell-intention-take-left-leg"
  ],
  "values": [
    [
      -1042.0,
      -1041.9999999999975,
      -1042.0,
      -1042.0,
      -1042.0,
      -1042.0,
      -1042.0,
      -1041.9999999999975,
      -1042.0,
      -1042.0,
      -3.52771016333298,
      -1042.0,
      0.0
    ],
    [
      -119.63803117940434,
      -137.87541463065105,
      -119.63803117940434,
      -127.63803117940434,
      -6251.0,
      -6251.0,
      -6251.0,
      -6250.999999999999,
      -6251.0,
      -6251.0,
      -100.0,
      -60.0,
      -1.0
    ],
    [
      -119.63803117940434,
      -137.87541463065105,
      -119.63803117940434,
      -127.63803117940434,
      -109.52771016333298,
      -69.52771016333298,
      -109.52771016333298,
      -6250.999999999999,
      -6251.0,
      -6251.0,
      -1122.0,
      -6251.0,
      -1023.0
    ],
    [
      -78.65084387006895,
      -76.65084387006895,
      -19.638031179404333,
      -17.638031179404333,
      -14.611191179404333,
      -73.52771016333298,
      -13.52771016333298,
      -5121.790575312526,
      -13.52771016333298,
      -16.52771016333298,
      -1026.4647322880928,
      -6149.0,
      -1024.0
    ],
    [
      -29.638031179404333,
      -81.67539909877821,
      -17.638031179404333,
      -25.638031179404333,
      -6161.0,
      -6161.0,
      -6161.0,
      -6160.999999999999,
      -6161.0,
      -6161.0,
      -1032.2042334917414,
      -6161.0,
      -1023.0
    ],
    [
      -28.638031179404333,
      -83.28895432725307,
      -28.638031179404333,
      -15.638031179404333,
      -13.638031179404333,
      -71.52771016333298,
      -11.52771016333298,
      -5293.673470007335,
      -11.52771016333298,
      -14.52771016333298,
      -1025.8528929299462,
      -6148.0,
      -1023.0
    ],
    [
      -26.638031179404333,
      -82.86999820639792,
      -26.638031179404333,
      -34.63803117940434,
      -6157.0,
      -6157.0,
      -9.52771016333298,
      -5480.377401544614,
      -9.52771016333298,
      -12.52771016333298,
      -1027.608922383129,
      -6157.0,
      -1024.0
    ],
    [
      -24.638031179404333,
      -82.50462515698295,
      -24.638031179404333,
      -32.63803117940434,
      -6155.999999999999,
      -6156.0,
      -6156.0,
      -5664.608035704659,
      -7.52771016333298,
      -10.52771016333298,
      -1028.0814584222062,
      -6156.0,
      -1023.0
    ],
    [
      -23.638031179404333,
      -82.34335176095375,
      -23.638031179404333,
      -31.638031179404333,
      -6154.0,
      -6154.0,
      -68.54052285399762,
      -66.54052285399762,
      -9.52771016333298,
      -7.52771016333298,
      -757.0440262183258,
      -64.0,
      -1024.0
    ],
    [
      -21.638031179404333,
      -82.06180300127467,
      -21.638031179404333,
      -29.638031179404333,
      -6153.0,
      -6153.0,
      -6153.0,
      -6152.999999999999,
      -6153.0,
      -5.52771016333298,
      -501.09595695205843,
      -62.0,
      -1023.0
    ],
    [
      -21.638031179404333,
      -82.06180300127467,
      -21.638031179404333,
      -15.638031179404333,
      -3001.9556179681294,
      -71.52771016333298,
      -6153.0,
      -6152.999999999999,
      -6153.0,
      -6153.0,
      -1026.939656835711,
      -6153.0,
      -1023.0
    ],
    [
      -19.638031179404333,
      -81.83849417838114,
      -19.638031179404333,
      -27.638031179404333,
      -6162.0,
      -6162.0,
      -6162.0,
      -6161.999999999999,
      -6162.0,
      -6162.0,
      -1029.72563755933,
      -6162.0,
      -1024.0
    ]
  ],
  "initial": "11"
}