{"transitions": [[0, null, 2], [0, 3, 1], [1, null, 3], [0, 1, 3]],
 "values": [[-40.0, -40.00000000000001, -10.316123060523736, -40.00000000000001, 0.0], [-8.263878547950284, -151.0, -12.13297391703662, -1.0, -1.0], [-8.231738925917039, -1.0, -12.75248162116634, -6.000000000000001, -1.9999999999999998], [-7.066486997990403, -75.0, -11.933628319452486, -2.9999999999999996, -1.0]],
 "observations": ["none", "yes", "no"],
 "actions": ["wait", "phy-robot-acts", "phy-human-acts", "com-human-acts"],
 "initial": 2}
